"","R","Age","LR","Player","Club","POS","APP","MINS","AV.SC","HOME","H.AV","AWAY","A.AV","INDEX"
"1","1","27","1","Luis Suarez","LIV","Forward","32","2874","39","621","41","633","37","1254"
"2","2","34","2","Steven Gerrard","LIV","Midfielder","33","2810","26","444","26","424","26","867"
"3","3","23","3","Eden Hazard","CHE","Forward","34","2806","25","496","28","359","22","855"
"4","4","31","4","Yaya Tour¨¦","MCI","Midfielder","34","2841","25","480","32","370","19","850"
"5","5","28","5","Wayne Rooney","MUN","Forward","29","2448","27","379","25","401","29","781"
"6","6","24","6","Daniel Sturridge","LIV","Forward","28","2195","26","355","25","385","27","740"
"7","7","21","7","Romelu Lukaku","EVE","Forward","32","2513","22","463","26","255","18","718"
"8","8","27","9","Olivier Giroud","ARS","Forward","35","3007","20","401","24","288","16","688"
"9","9","26","8","Adam Lallana","SOU","Midfielder","37","3031","19","371","21","314","17","685"
"10","10","26","10","Sergio Ag¨¹ero","MCI","Forward","22","1449","30","397","36","262","24","659"
"11","11","29","11","Santiago Cazorla","ARS","Midfielder","31","2597","21","376","22","273","20","649"
"12","12","25","13","Seamus Coleman","EVE","Defender","35","3139","18","365","20","262","15","627"
"13","13","29","12","Martin Skrtel","LIV","Defender","35","3132","18","344","20","282","16","626"
"14","14","NA","16","Rickie Lambert","SOU","Forward","36","2726","17","362","21","256","13","618"
"15","15","19","15","Raheem Sterling","LIV","Midfielder","32","2128","19","350","22","265","17","615"
"16","16","24","14","Jordan Henderson","LIV","Midfielder","34","3038","18","376","22","233","14","609"
"17","17","27","19","Samir Nasri","MCI","Midfielder","33","2408","18","360","22","246","14","606"
"18","18","25","18","Mesut <U+00D6>zil","ARS","Midfielder","25","2059","24","384","32","219","17","603"
"19","19","28","33","Edin Dzeko","MCI","Forward","30","1922","19","236","17","347","22","584"
"20","20","23","17","Aaron Ramsey","ARS","Midfielder","22","1701","27","266","24","317","29","583"
"21","21","28","20","David Silva","MCI","Midfielder","26","2097","22","295","21","279","23","573"
"22","22","26","21","Kevin Mirallas","EVE","Midfielder","32","2330","17","387","23","161","11","547"
"23","23","24","27","Moussa Sissoko","NEW","Midfielder","34","2944","16","247","15","291","17","539"
"24","24","28","24","Jason Puncheon","CRY","Midfielder","33","2496","16","293","17","243","15","537"
"25","25","33","22","Gareth Barry","EVE","Midfielder","31","2759","17","317","20","218","15","536"
"26","26","24","23","Jay Rodriguez","SOU","Forward","33","2567","16","245","15","286","17","531"
"27","27","29","26","Leighton Baines","EVE","Defender","31","2749","17","279","17","243","16","522"
"28","28","NA","37","Lo<U+00EF>c Remy","NEW","Forward","26","2103","20","282","22","237","18","518"
"29","29","22","29","Philippe Coutinho","LIV","Midfielder","32","2303","16","278","19","235","14","512"
"30","30","22","28","Christian Eriksen","TOT","Midfielder","24","1893","21","334","24","177","18","511"
"31","31","22","25","Oscar","CHE","Midfielder","32","2053","16","291","17","219","15","510"
"32","32","31","32","Bacary Sagna","ARS","Defender","34","2970","15","263","15","243","14","506"
"33","33","30","31","Emmanuel Adebayor","TOT","Forward","20","1718","25","204","23","299","27","503"
"34","34","26","35","Ahmed Elmohamady","HUL","Midfielder","37","3239","13","263","15","234","12","497"
"35","35","29","36","Fernandinho","MCI","Midfielder","32","2587","15","316","20","177","11","493"
"36","36","25","30","Wilfried Bony","SWA","Forward","33","2382","15","341","20","151","9","493"
"37","37","30","34","Branislav Ivanovic","CHE","Defender","35","3090","14","289","15","201","13","489"
"38","38","27","40","Mark Noble","WHU","Midfielder","37","3253","13","303","16","180","10","483"
"39","39","29","53","Pablo Zabaleta","MCI","Defender","34","2989","14","301","18","177","10","478"
"40","40","23","38","James McCarthy","EVE","Midfielder","33","2766","14","256","15","219","14","475"
"41","41","33","39","Patrice Evra","MUN","Defender","32","2794","15","213","13","261","16","474"
"42","42","24","41","Wojciech Szczesny","ARS","Goalkeeper","37","3330","13","249","13","218","12","467"
"43","43","NA","44","Luke Shaw","SOU","Defender","34","2912","14","212","13","255","14","466"
"44","44","26","42","Simon Mignolet","LIV","Goalkeeper","37","3330","12","247","14","213","11","460"
"45","45","33","45","John Terry","CHE","Defender","34","3060","13","267","15","189","12","456"
"46","46","29","49","Per Mertesacker","ARS","Defender","35","3150","13","267","14","189","12","456"
"47","47","26","43","Juan Mata","MUN","Midfielder","27","1975","17","226","17","226","16","452"
"48","48","27","52","Tom Huddlestone","HUL","Midfielder","35","3054","13","237","14","213","12","450"
"49","49","22","50","Jonjo Shelvey","SWA","Midfielder","31","2385","14","250","18","197","12","448"
"50","50","20","59","Ross Barkley","EVE","Midfielder","34","2286","13","240","14","207","12","446"
"51","51","NA","48","Steve Sidwell","FUL","Midfielder","37","3143","12","251","14","193","10","445"
"52","52","28","54","Laurent Koscielny","ARS","Defender","31","2651","14","251","16","193","13","444"
"53","53","28","46","¨¢lvaro Negredo","MCI","Forward","31","1721","14","305","18","135","10","441"
"54","54","33","47","Peter Crouch","STK","Forward","33","2630","13","250","15","187","12","437"
"55","55","36","51","Frank Lampard","CHE","Midfielder","26","1702","17","273","18","163","15","437"
"56","56","25","56","Paulinho","TOT","Midfielder","29","2306","15","177","13","257","17","434"
"57","57","NA","58","Steven Caulker","CAR","Defender","37","3330","12","215","12","214","11","430"
"58","58","28","55","Jes¨²s Navas","MCI","Midfielder","30","1774","14","286","20","140","9","426"
"59","59","27","57","Ramires","CHE","Midfielder","30","2607","14","235","17","188","12","423"
"60","60","30","63","Jose Fonte","SOU","Defender","35","3091","12","215","13","207","12","423"
"61","61","27","64","Adam Johnson","SUN","Midfielder","35","2355","12","235","13","187","11","422"
"62","62","29","70","Glen Johnson","LIV","Defender","28","2431","15","239","17","178","13","417"
"63","63","32","60","Petr Cech","CHE","Goalkeeper","34","3060","12","242","14","172","10","415"
"64","64","28","71","Yoan Gouffran","NEW","Forward","34","2542","12","238","13","176","11","414"
"65","65","35","65","Tim Howard","EVE","Goalkeeper","36","3173","11","222","12","192","11","413"
"66","66","32","76","Kevin Nolan","WHU","Midfielder","32","2630","13","271","16","142","9","413"
"67","67","23","61","Christian Benteke","AVL","Forward","26","2128","16","222","17","191","15","413"
"68","68","26","62","Jonathan De Guzm¨¢n","SWA","Midfielder","33","2320","12","282","17","130","8","412"
"69","69","NA","67","Morgan Amalfitano","WBA","Midfielder","27","2088","15","244","19","167","12","412"
"70","70","NA","68","Robert Snodgrass","NOR","Midfielder","29","2482","14","256","18","155","10","411"
"71","71","32","73","Mikel Arteta","ARS","Midfielder","30","2317","14","221","14","190","14","411"
"72","72","29","84","Stewart Downing","WHU","Midfielder","31","2420","13","224","15","186","12","410"
"73","73","27","72","Hugo Lloris","TOT","Goalkeeper","36","3240","11","199","12","211","11","410"
"74","74","33","74","Leon Osman","EVE","Midfielder","37","2095","11","199","10","209","12","409"
"75","75","28","75","Gary Cahill","CHE","Defender","30","2623","14","238","15","169","12","406"
"76","76","NA","69","Samuel Eto'o","CHE","Forward","21","1306","19","352","27","53","7","405"
"77","77","NA","66","Jordon Mutch","CAR","Midfielder","34","2174","12","215","14","183","10","398"
"78","78","NA","80","Peter Whittingham","CAR","Midfielder","31","2571","13","204","16","192","11","396"
"79","79","24","88","Fabian Delph","AVL","Midfielder","33","2913","12","234","15","158","9","392"
"80","80","28","103","Vincent Kompany","MCI","Defender","27","2275","14","191","15","200","14","391"
"81","81","25","79","Willian","CHE","Midfielder","25","1677","16","224","16","167","15","391"
"82","82","27","93","Youssuf Mulumbu","WBA","Midfielder","36","2990","11","179","11","209","11","389"
"83","83","29","96","Mile Jedinak","CRY","Midfielder","37","3330","10","217","11","169","9","386"
"84","84","29","90","Steven Davis","SOU","Midfielder","33","2407","12","206","14","179","10","385"
"85","85","24","82","Jake Livermore","HUL","Midfielder","35","2964","11","192","11","193","11","385"
"86","86","27","77","Aaron Lennon","TOT","Midfielder","27","2187","14","180","16","204","13","384"
"87","87","29","91","Geoff Cameron","STK","Defender","36","3195","11","218","12","165","9","383"
"88","88","28","81","Charlie Adam","STK","Midfielder","30","1750","13","273","17","111","8","383"
"89","89","30","98","Robin van Persie","MUN","Forward","20","1516","19","198","16","185","23","383"
"90","90","24","78","Kyle Walker","TOT","Defender","26","2298","15","169","14","213","15","382"
"91","91","21","89","Ben Davies","SWA","Defender","33","2858","11","215","12","164","11","379"
"92","92","28","104","Mathieu Debuchy","NEW","Defender","28","2404","14","207","15","172","12","379"
"93","93","36","83","Sylvain Distin","EVE","Defender","32","2835","12","215","13","162","11","377"
"94","94","23","95","David de Gea","MUN","Goalkeeper","36","3240","10","179","9","198","12","377"
"95","95","33","109","Mart¨ªn Demichelis","MCI","Defender","26","2340","14","203","17","172","12","375"
"96","96","28","100","Luis Antonio Valencia","MUN","Midfielder","28","1939","13","196","14","179","13","375"
"97","97","24","99","Morgan Schneiderlin","SOU","Midfielder","32","2676","12","189","13","186","11","375"
"98","98","24","94","Joel Ward","CRY","Defender","35","3150","11","224","12","151","9","375"
"99","99","NA","85","Leroy Fer","NOR","Midfielder","29","2465","13","184","13","190","13","374"
"100","100","23","139","Fabio Borini","SUN","Forward","31","2053","12","192","13","182","11","374"
"101","101","31","86","Angel Rangel","SWA","Defender","30","2632","12","196","14","178","11","373"
"102","102","32","113","Damien Delaney","CRY","Defender","36","3195","10","234","12","139","8","373"
"103","103","25","129","Marko Arnautovic","STK","Forward","29","2164","13","256","15","115","10","371"
"104","104","26","87","Ryan Shawcross","STK","Defender","36","3202","10","218","12","153","8","371"
"105","105","24","127","Ashley Westwood","AVL","Midfielder","34","2991","11","189","11","180","11","369"
"106","106","NA","92","Yohan Cabaye","","Midfielder","19","1509","19","130","14","237","24","367"
"107","107","27","115","Joe Hart","MCI","Goalkeeper","30","2700","12","187","13","178","11","366"
"108","108","29","97","Wayne Routledge","SWA","Midfielder","34","2615","11","231","12","133","9","364"
"109","109","32","114","Michael Carrick","MUN","Midfielder","28","2368","13","204","14","159","12","363"
"110","110","29","105","Ashley Williams","SWA","Defender","34","3040","11","180","11","178","10","357"
"111","111","27","107","Asmir Begovic","STK","Goalkeeper","32","2880","11","226","13","130","9","357"
"112","112","24","101","C¨¦sar Azpilicueta","CHE","Defender","28","2235","13","187","14","170","11","356"
"113","113","29","106","Lukas Podolski","ARS","Forward","19","1082","19","193","19","162","18","356"
"114","114","22","102","Jack Wilshere","ARS","Midfielder","23","1692","15","181","16","174","15","356"
"115","115","25","112","Steven N'Zonzi","STK","Midfielder","35","2951","10","230","13","124","7","354"
"116","116","26","116","Tim Krul","NEW","Goalkeeper","35","3150","10","175","10","179","11","354"
"117","117","NA","108","Martin Olsson","NOR","Defender","33","2875","11","178","11","173","10","351"
"118","118","28","137","Aleksandar Kolarov","MCI","Defender","29","1879","12","198","14","151","10","349"
"119","119","35","117","Julian Speroni","CRY","Goalkeeper","37","3330","9","195","10","151","8","346"
"120","120","33","142","Peter Odemwingie","STK","Forward","29","2013","12","193","13","153","11","346"
"121","121","19","144","Adnan Januzaj","MUN","Midfielder","26","1550","13","161","11","181","16","342"
"122","122","27","111","Chico","SWA","Defender","31","2690","11","196","12","145","10","342"
"123","123","23","110","Danny Welbeck","MUN","Forward","24","1369","14","134","13","207","15","341"
"124","124","33","122","Guy Demel","WHU","Defender","32","2638","11","207","13","133","8","340"
"125","125","27","120","Shane Long","HUL","Forward","30","2244","11","152","10","186","12","338"
"126","126","28","135","Cheick Tiot¨¦","NEW","Midfielder","32","2682","11","152","10","185","11","338"
"127","127","22","124","Phil Jones","MUN","Defender","26","2174","13","177","13","161","13","337"
"128","128","NA","125","Nathan Redmond","NOR","Midfielder","33","2082","10","187","11","148","9","335"
"129","129","22","118","Leandro Bacuna","AVL","Midfielder","34","2511","10","221","12","113","7","334"
"130","130","30","138","Jonathan Walters","STK","Forward","31","2159","11","205","14","129","8","334"
"131","131","26","134","Marc Wilson","STK","Defender","32","2601","10","209","12","124","8","334"
"132","132","29","130","Curtis Davies","HUL","Defender","36","3236","9","193","11","141","8","334"
"133","133","25","131","Erik Pieters","STK","Defender","36","2902","9","216","12","117","7","333"
"134","134","30","128","Marouane Chamakh","CRY","Forward","31","2234","11","211","12","121","9","332"
"135","135","29","119","Liam Ridgewell","WBA","Defender","33","2868","10","177","11","155","9","332"
"136","136","29","140","Brad Guzan","AVL","Goalkeeper","37","3330","9","180","9","152","8","331"
"137","137","27","121","Mousa Demb¨¦l¨¦","TOT","Midfielder","28","1819","12","193","13","136","10","329"
"138","138","30","126","Michael Dawson","TOT","Defender","31","2748","11","133","10","196","12","329"
"139","139","NA","123","Gary Hooper","NOR","Forward","31","1986","11","200","13","128","9","328"
"140","140","22","180","Andreas Weimann","AVL","Forward","36","2570","9","182","10","144","8","326"
"141","141","NA","132","David Marshall","CAR","Goalkeeper","36","3240","9","183","10","140","8","323"
"142","142","NA","133","Fraizer Campbell","CAR","Forward","36","2684","9","223","13","97","5","320"
"143","143","27","136","Gabriel Agbonlahor","AVL","Forward","29","2357","11","108","7","212","15","320"
"144","144","NA","143","Gerard Deulofeu","EVE","Forward","24","872","13","182","15","136","11","318"
"145","145","34","147","Artur Boruc","SOU","Goalkeeper","28","2488","11","156","12","161","11","317"
"146","146","27","153","Mohamed Diam¨¦","WHU","Midfielder","34","2404","9","162","9","155","10","317"
"147","147","NA","172","Jack Colback","SUN","Midfielder","32","2335","10","139","9","176","10","315"
"148","148","23","160","Nathaniel Clyne","SOU","Defender","24","1771","13","204","16","109","10","313"
"149","149","NA","146","John Ruddy","NOR","Goalkeeper","37","3330","8","173","10","138","7","310"
"150","150","30","141","Fernando Torres","CHE","Forward","27","1481","11","176","14","134","10","310"
"151","151","30","162","Glenn Whelan","STK","Midfielder","31","2271","10","207","13","101","7","307"
"152","152","25","156","Vurnon Anita","NEW","Midfielder","33","2371","9","153","8","152","11","305"
"153","153","33","150","Tomas Rosicky","ARS","Midfielder","26","1500","12","189","11","115","13","304"
"154","154","34","152","Gareth McAuley","WBA","Defender","31","2770","10","154","10","150","10","304"
"155","155","26","171","Vito Mannone","SUN","Goalkeeper","28","2477","11","133","10","170","11","303"
"156","156","31","151","Maynor Figueroa","HUL","Defender","31","2625","10","166","10","137","9","303"
"157","157","NA","145","Sascha Riether","FUL","Defender","31","2646","10","172","10","131","9","303"
"158","158","25","159","Dejan Lovren","SOU","Defender","30","2698","10","152","9","151","11","303"
"159","159","21","154","Jon Flanagan","LIV","Defender","22","1853","14","142","14","160","13","302"
"160","160","29","158","Pablo Hern¨¢ndez","SWA","Midfielder","27","1431","11","154","11","148","11","302"
"161","161","25","148","Ki Sung-Yueng","SUN","Midfielder","28","2198","11","114","7","186","16","300"
"162","162","24","149","Kieran Gibbs","ARS","Defender","27","1965","11","151","13","148","10","299"
"163","163","23","164","Andr¨¦ Sch¨¹rrle","CHE","Midfielder","29","1302","10","130","10","168","10","298"
"164","164","30","169","Mathieu Flamini","ARS","Midfielder","27","1604","11","151","13","144","10","296"
"165","165","30","166","Michael Williamson","NEW","Defender","32","2822","9","160","10","133","8","292"
"166","166","25","157","Theo Walcott","ARS","Midfielder","13","858","22","78","11","213","36","292"
"167","167","NA","176","Kieran Richardson","FUL","Midfielder","30","2302","10","146","10","145","9","291"
"168","168","NA","167","Scott Parker","FUL","Midfielder","28","2228","10","139","10","151","11","291"
"169","169","29","155","Roberto Soldado","TOT","Forward","28","1931","10","170","11","119","9","289"
"170","170","24","170","Chris Smalling","MUN","Defender","24","1848","12","111","11","178","13","289"
"171","171","23","161","Andros Townsend","TOT","Midfielder","25","1225","12","137","10","151","14","288"
"172","172","24","165","Danny Rose","TOT","Defender","21","1812","14","144","14","143","13","287"
"173","173","26","163","Nathan Dyer","SWA","Midfielder","26","1660","11","188","13","98","8","287"
"174","174","29","211","Sebastian Larsson","SUN","Midfielder","30","2146","10","148","11","138","9","285"
"175","175","27","174","Lucas Leiva","LIV","Midfielder","26","1862","11","131","11","150","11","282"
"176","176","30","181","Liam Rosenior","HUL","Defender","28","1959","10","171","12","107","8","279"
"177","177","NA","178","Russell Martin","NOR","Defender","30","2526","9","168","11","110","7","278"
"178","178","28","173","Nikica Jelavic","HUL","Forward","24","1642","12","113","9","163","14","276"
"179","179","28","168","Matthew Jarvis","WHU","Midfielder","31","1923","9","174","10","102","8","276"
"180","180","28","209","James Milner","MCI","Midfielder","30","1344","9","132","9","143","9","274"
"181","181","30","175","St¨¦phane Sessegnon","WBA","Midfielder","27","1988","10","142","12","130","9","272"
"182","182","25","195","Yannick Bolasie","CRY","Midfielder","28","1948","10","170","12","102","7","271"
"183","183","33","206","John O'Shea","SUN","Defender","32","2838","8","158","10","112","7","270"
"184","184","25","188","James Tomkins","WHU","Defender","30","2511","9","131","9","138","9","269"
"185","185","27","185","Steven Naismith","EVE","Forward","30","1322","9","184","13","85","5","269"
"186","186","28","193","Ga<U+00EB>l Clichy","MCI","Defender","20","1660","13","129","14","139","13","268"
"187","187","NA","177","Phil Bardsley","SUN","Defender","25","2184","11","145","12","123","9","268"
"188","188","27","179","Cameron Jerome","CRY","Forward","29","1759","9","120","9","144","9","264"
"189","189","29","207","Ron Vlaar","AVL","Defender","31","2715","8","151","10","112","7","263"
"190","190","29","189","Chris Brunt","WBA","Midfielder","27","2153","10","169","12","94","7","262"
"191","191","31","186","Phil Jagielka","EVE","Defender","25","2226","10","140","12","122","9","261"
"192","192","NA","194","Ben Turner","CAR","Defender","30","2630","9","154","11","107","7","260"
"193","193","NA","182","K¨¦vin Th¨¦ophile-Catherine","CAR","Defender","28","2356","9","114","8","147","11","260"
"194","194","23","183","Davide Santon","NEW","Defender","27","2223","10","122","9","137","11","260"
"195","195","NA","184","Dimitar Berbatov","","Forward","18","1568","14","159","16","100","13","259"
"196","196","32","187","Steven Pienaar","EVE","Midfielder","22","1620","12","155","14","103","9","258"
"197","197","28","203","James Morrison","WBA","Midfielder","31","2119","8","107","8","151","9","257"
"198","198","19","191","James Ward-Prowse","SOU","Midfielder","33","1580","8","139","9","117","7","256"
"199","199","29","196","Karim El Ahmadi","AVL","Midfielder","30","2142","9","127","8","128","9","255"
"200","200","24","190","Tom Cleverley","MUN","Midfielder","22","1579","12","85","9","169","14","254"
"201","201","27","192","Hatem Ben Arfa","NEW","Midfielder","27","1303","9","114","8","139","11","253"
"202","202","NA","200","Ashkan Dejagah","FUL","Midfielder","21","1261","12","167","17","86","8","253"
"203","203","NA","201","Jonny Howson","NOR","Midfielder","26","1994","10","124","10","130","9","253"
"204","204","24","214","Joe Allen","LIV","Midfielder","23","1379","11","103","9","148","13","251"
"205","205","23","199","Lewis Holtby","FUL","Midfielder","26","1490","10","86","6","164","14","249"
"206","206","31","197","Jonas Olsson","WBA","Defender","31","2729","8","117","8","132","8","248"
"207","207","NA","198","Gary Medel","CAR","Midfielder","34","2873","7","149","9","99","6","248"
"208","208","NA","210","Bradley Johnson","NOR","Midfielder","31","2371","8","115","8","131","8","247"
"209","209","24","204","Gylfi Sigurdsson","TOT","Midfielder","24","1193","10","134","12","110","8","244"
"210","210","27","202","Jan Vertonghen","TOT","Defender","23","2004","11","135","12","109","9","244"
"211","211","32","216","Fabricio Coloccini","NEW","Defender","26","2315","9","140","10","103","9","243"
"212","212","31","208","Leon Britton","SWA","Midfielder","24","2003","10","167","12","75","8","242"
"213","213","NA","205","Billy Jones","WBA","Defender","21","1740","11","130","12","111","11","241"
"214","214","20","218","John Stones","EVE","Defender","21","1368","11","143","10","94","13","237"
"215","215","20","215","Saido Berahino","WBA","Forward","31","1315","8","161","10","74","5","235"
"216","216","NA","212","Pajtim Kasami","FUL","Midfielder","29","1805","8","92","6","142","11","234"
"217","217","27","241","Javi Garc¨ªa","MCI","Midfielder","28","1437","8","108","9","122","8","230"
"218","218","25","222","Nemanja Matic","CHE","Midfielder","16","1274","14","140","16","90","13","229"
"219","219","30","213","James Collins","WHU","Defender","24","1899","10","149","11","80","7","229"
"220","220","25","226","Shinji Kagawa","MUN","Midfielder","17","1125","13","133","13","95","14","228"
"221","221","25","225","David Meyler","HUL","Midfielder","30","2135","8","135","10","92","6","227"
"222","222","27","223","Adrian Mariappa","CRY","Defender","23","2023","10","125","11","102","8","227"
"223","223","25","221","Kyle Naughton","TOT","Defender","21","1654","11","132","12","94","9","226"
"224","224","32","254","Shola Ameobi","NEW","Forward","25","1218","9","182","13","43","4","225"
"225","225","23","250","Nathan Baker","AVL","Defender","29","2388","8","141","9","84","6","225"
"226","226","29","217","Daniel Agger","LIV","Defender","19","1330","12","149","14","75","9","224"
"227","227","26","244","Lee Cattermole","SUN","Midfielder","24","1757","9","89","8","135","10","224"
"228","228","33","219","Kolo Tour¨¦","LIV","Defender","20","1439","11","120","13","103","9","223"
"229","229","29","220","Papiss Demba Ciss¨¦","NEW","Forward","24","1383","9","145","10","78","9","223"
"230","230","24","227","Jozy Altidore","SUN","Forward","30","1770","7","126","8","97","6","222"
"231","231","30","224","Michel Vorm","SWA","Goalkeeper","26","2339","8","117","9","104","8","221"
"232","232","26","249","Marouane Fellaini","MUN","Midfielder","19","1376","12","99","10","121","13","220"
"233","233","33","237","George McCartney","WHU","Defender","21","1750","10","142","13","74","7","216"
"234","234","26","228","Yannick Sagbo","HUL","Forward","28","1498","8","114","9","102","7","215"
"235","235","25","230","James Chester","HUL","Defender","24","1868","9","133","12","83","6","215"
"236","236","25","246","Jack Cork","SOU","Midfielder","27","1676","8","100","8","113","8","213"
"237","237","29","233","Kagisho Dikgacoi","CRY","Midfielder","25","1924","8","102","9","109","8","211"
"238","238","24","243","Ciaran Clark","AVL","Defender","27","2202","8","113","9","98","7","211"
"239","239","24","229","Nacer Chadli","TOT","Midfielder","24","1453","9","86","7","124","10","211"
"240","240","25","279","Oussama Assaidi","STK","Midfielder","19","1111","11","143","14","67","7","210"
"241","241","27","245","Adri¨¢n","WHU","Goalkeeper","19","1710","11","112","11","97","11","209"
"242","242","NA","231","Sebastien Bassong","NOR","Defender","27","2378","8","138","9","71","6","209"
"243","243","24","232","Rafael","MUN","Defender","19","1418","11","97","10","111","12","208"
"244","244","34","263","Wes Brown","SUN","Defender","24","1974","9","103","9","105","9","208"
"245","245","33","239","Ashley Cole","CHE","Defender","16","1296","13","103","13","103","13","206"
"246","246","32","234","Allan McGregor","HUL","Goalkeeper","25","2137","8","126","10","76","6","202"
"247","247","19","235","Calum Chambers","SOU","Midfielder","21","1631","10","77","8","125","11","202"
"248","248","NA","274","Matthew Taylor","WHU","Midfielder","19","1323","11","132","13","70","8","202"
"249","249","23","272","Marcos Alonso","SUN","Defender","16","1439","13","119","15","83","10","202"
"250","250","29","236","Emanuele Giaccherini","SUN","Midfielder","24","1355","8","91","9","110","8","201"
"251","251","34","238","Daniel Gabbidon","CRY","Defender","23","1974","9","126","11","73","6","198"
"252","252","26","242","Claudio Yacob","WBA","Midfielder","27","1843","7","118","8","79","7","197"
"253","253","NA","257","Nacho Monreal","ARS","Defender","23","1178","9","124","11","72","6","196"
"254","254","29","247","Demba Ba","CHE","Forward","19","661","10","99","11","96","10","196"
"255","255","31","256","Ben Foster","WBA","Goalkeeper","23","2058","8","99","9","95","8","194"
"256","256","26","240","Javier Hern¨¢ndez","MUN","Forward","23","817","8","69","5","124","12","193"
"257","257","32","259","Nemanja Vidic","MUN","Defender","24","1992","8","94","7","98","9","192"
"258","258","NA","248","Fernando Amorebieta","FUL","Defender","22","1756","9","118","11","74","7","192"
"259","259","27","270","Stephen Ireland","STK","Midfielder","24","1298","8","149","11","41","4","190"
"260","260","30","252","Carlton Cole","WHU","Forward","25","827","8","123","9","66","6","189"
"261","261","21","275","Connor Wickham","SUN","Forward","14","758","13","84","11","105","17","189"
"262","262","NA","251","David Luiz","CHE","Defender","19","1358","10","109","12","79","8","188"
"263","263","24","255","Vlad Chiriches","TOT","Defender","16","1322","12","84","11","103","13","187"
"264","264","29","253","Ashley Young","MUN","Midfielder","20","1030","9","103","11","83","8","186"
"265","265","24","260","Mamadou Sakho","LIV","Defender","18","1480","10","97","14","88","8","186"
"266","266","NA","258","Andrew Taylor","CAR","Defender","18","1573","10","110","10","72","10","182"
"267","267","27","283","Joe Ledley","CRY","Midfielder","13","1159","14","92","13","89","15","181"
"268","268","NA","264","David Stockdale","FUL","Goalkeeper","20","1648","9","102","9","77","9","179"
"269","269","26","271","Victor Anichebe","WBA","Forward","24","1189","7","98","10","80","6","178"
"270","270","NA","261","Kim Bo-Kyung","CAR","Midfielder","28","1674","6","117","8","60","4","178"
"271","271","28","273","George Boyd","HUL","Midfielder","29","1197","6","131","9","46","3","177"
"272","272","26","262","Jonny Evans","MUN","Defender","17","1377","10","83","10","91","10","175"
"273","273","NA","282","Marc Albrighton","AVL","Midfielder","19","966","9","116","11","58","7","174"
"274","274","NA","276","Michael Turner","NOR","Defender","21","1854","8","76","8","97","8","173"
"275","275","23","289","Victor Wanyama","SOU","Midfielder","22","1569","8","85","9","87","7","172"
"276","276","22","265","Robbie Brady","HUL","Midfielder","16","890","11","99","11","73","10","172"
"277","277","24","266","Bryan Oviedo","EVE","Defender","9","718","19","84","21","87","17","170"
"278","278","23","267","Antonio Luna","AVL","Defender","17","1381","10","72","7","99","14","170"
"279","279","28","268","Michu","SWA","Forward","17","1289","10","105","13","65","7","170"
"280","280","27","269","John Obi Mikel","CHE","Midfielder","23","998","7","83","9","87","6","170"
"281","281","25","277","Libor Koz¨¢k","AVL","Forward","14","781","12","66","8","99","17","165"
"282","282","NA","278","Craig Noone","CAR","Midfielder","17","1225","10","110","10","55","9","165"
"283","283","NA","285","Brede Hangeland","FUL","Defender","22","1816","7","66","7","98","8","164"
"284","284","25","280","Mapou Yanga-Mbiwa","NEW","Defender","23","1497","7","90","10","72","5","162"
"285","285","27","296","Scott Dann","CRY","Defender","13","1170","12","71","10","91","15","162"
"286","286","39","281","Jussi J<U+00E4><U+00E4>skel<U+00E4>inen","WHU","Goalkeeper","18","1620","9","79","9","82","9","161"
"287","287","25","284","Sone Aluko","HUL","Forward","16","862","10","77","9","81","12","159"
"288","288","27","301","Graham Dorrans","WBA","Midfielder","13","1016","12","55","9","103","15","157"
"289","289","24","286","Barry Bannan","CRY","Midfielder","15","1005","10","64","11","93","10","157"
"290","290","26","303","Winston Reid","WHU","Defender","21","1584","7","69","7","88","8","157"
"291","291","25","308","Matthew Lowton","AVL","Defender","22","1573","7","91","8","65","6","156"
"292","292","NA","287","Matej Vydra","WBA","Forward","22","666","7","118","10","38","4","156"
"293","293","NA","288","Adel Taarabt","","Midfielder","12","594","13","95","14","59","12","154"
"294","294","NA","298","Aron Gunnarsson","CAR","Midfielder","22","1449","7","68","8","86","7","154"
"295","295","NA","290","Wes Hoolahan","NOR","Midfielder","16","800","10","103","13","50","6","153"
"296","296","NA","291","Ricky van Wolfswinkel","NOR","Forward","25","1394","6","88","6","63","6","151"
"297","297","28","292","Pablo Daniel Osvaldo","","Forward","13","855","12","113","16","37","6","151"
"298","298","NA","297","Ryan Bennett","NOR","Defender","15","1258","10","89","15","61","7","150"
"299","299","NA","293","Aly Cissokho","LIV","Defender","14","1044","11","87","15","61","8","148"
"300","300","NA","305","Alexander Tettey","NOR","Midfielder","20","1430","7","72","8","74","7","146"
"301","301","NA","294","Maarten Stekelenburg","FUL","Goalkeeper","19","1682","8","52","7","94","9","146"
"302","302","NA","295","Philippe Senderos","","Defender","12","1027","12","82","10","64","16","146"
"303","303","NA","311","Steven Whittaker","NOR","Defender","20","1421","7","69","10","75","6","143"
"304","304","20","302","Harry Kane","TOT","Forward","9","409","16","99","33","44","7","143"
"305","305","NA","299","Steven Reid","WBA","Defender","16","1306","9","66","8","76","10","142"
"306","306","27","300","Jos¨¦ Ca<U+00F1>as","SWA","Midfielder","23","1670","6","56","6","84","6","140"
"307","307","NA","310","Craig Bellamy","CAR","Forward","21","1180","7","103","11","37","3","140"
"308","308","30","309","Darren Bent","FUL","Forward","24","1239","6","77","6","63","5","139"
"309","309","20","304","Alex Oxlade-Chamberlain","ARS","Midfielder","14","523","10","75","13","62","8","138"
"310","310","21","306","Ravel Morrison","QPR","Midfielder","16","1154","9","62","8","75","9","137"
"311","311","NA","315","Johan Elmander","NOR","Forward","28","1429","5","65","5","71","4","136"
"312","312","NA","321","Johnny Heitinga","FUL","Defender","14","1160","10","82","12","52","7","135"
"313","313","28","307","Younes Kaboul","TOT","Defender","13","943","10","79","16","55","7","134"
"314","314","NA","312","Razvan Rat","","Defender","15","1131","9","60","10","74","8","134"
"315","315","22","322","Paul Dummett","NEW","Defender","17","1134","8","85","11","48","5","134"
"316","316","24","329","Ryan Bertrand","AVL","Defender","16","1365","8","85","11","49","6","134"
"317","317","21","313","Matija Nastasic","MCI","Defender","13","1027","10","73","10","59","10","132"
"318","318","NA","314","Nicolas Anelka","","Unknown","12","856","11","44","7","87","15","131"
"319","319","24","344","Stevan Jovetic","MCI","Forward","13","360","10","84","12","46","8","131"
"320","320","NA","316","Danny Graham","MID","Forward","18","1003","7","57","6","72","8","130"
"321","321","22","317","¨¢lex Pozuelo","SWA","Midfielder","22","868","6","65","6","65","5","129"
"322","322","19","318","Nabil Bentaleb","TOT","Midfielder","14","1053","9","60","10","69","9","129"
"323","323","NA","325","Robert Koren","HUL","Midfielder","21","1118","6","107","8","21","3","128"
"324","324","27","319","Steven Fletcher","SUN","Forward","20","1223","6","45","5","83","8","128"
"325","325","NA","320","Alexander Kacaniklic","FUL","Midfielder","22","1276","6","84","8","44","4","128"
"326","326","25","339","Andy Carroll","WHU","Forward","14","1021","9","41","6","86","12","127"
"327","327","26","323","Etienne Capoue","TOT","Midfielder","12","686","10","64","13","61","9","125"
"328","328","23","360","Dwight Gayle","CRY","Forward","22","792","6","70","7","55","5","125"
"329","329","NA","324","Ondrej Celustka","SUN","Defender","20","1305","6","68","7","56","6","124"
"330","330","31","326","Boaz Myhill","WBA","Goalkeeper","14","1260","9","63","9","60","9","123"
"331","331","NA","327","Dean Moxey","CRY","Defender","20","1518","6","69","6","53","7","122"
"332","332","32","328","Joe Cole","WHU","Midfielder","19","731","6","113","11","7","1","121"
"333","333","29","335","Alex Bruce","HUL","Defender","19","1504","6","65","11","56","4","120"
"334","334","19","330","Serge Gnabry","ARS","Midfielder","9","464","13","40","13","80","13","120"
"335","335","NA","337","John Arne Riise","FUL","Defender","20","1486","6","58","6","62","6","120"
"336","336","22","331","Carl Jenkinson","ARS","Defender","13","710","9","64","9","55","9","120"
"337","337","NA","332","Hugo Rodallega","FUL","Forward","12","533","10","41","14","78","9","119"
"338","338","NA","333","Bryan Ruiz","","Forward","12","773","10","59","10","60","10","119"
"339","339","25","334","Sandro","TOT","Midfielder","16","765","7","51","6","68","9","119"
"340","340","35","340","Rio Ferdinand","MUN","Defender","13","1038","9","53","8","65","11","118"
"341","341","28","336","Jos¨¦ Enrique","LIV","Defender","8","602","15","65","13","52","17","117"
"342","342","28","338","Joey O'Brien","WHU","Defender","16","1144","7","69","9","47","6","115"
"343","343","NA","346","Kenwyne Jones","CAR","Forward","18","964","6","82","8","28","3","110"
"344","344","NA","343","Declan John","CAR","Defender","19","1397","6","58","6","50","5","108"
"345","345","34","341","Aaron Hughes","QPR","Defender","13","1064","8","50","10","58","7","108"
"346","346","22","345","Mohamed Salah","CHE","Midfielder","9","421","12","87","17","21","5","108"
"347","347","30","351","Darren Fletcher","MUN","Midfielder","11","689","10","41","10","67","10","107"
"348","348","NA","342","Joleon Lescott","MCI","Defender","10","784","11","106","15","1","0","107"
"349","349","22","348","Jordi Amat","SWA","Defender","16","1156","7","52","6","53","8","105"
"350","350","NA","347","Damien Duff","FUL","Midfielder","15","695","7","66","8","36","5","102"
"351","351","NA","349","Roland Lamah","SWA","Midfielder","9","455","11","56","9","45","15","101"
"352","352","NA","350","Craig Gardner","SUN","Midfielder","18","765","6","84","8","17","2","101"
"353","353","23","352","Victor Moses","LIV","Midfielder","19","644","5","33","4","68","7","101"
"354","354","26","353","Modibo Maiga","QPR","Forward","14","1007","7","68","10","32","5","100"
"355","355","39","358","Steve Harper","HUL","Goalkeeper","13","1100","8","52","9","47","7","99"
"356","356","NA","361","Fabio","CAR","Defender","13","1002","7","56","9","40","6","95"
"357","357","29","354","Robert Huth","STK","Defender","12","1067","8","60","10","36","6","95"
"358","358","NA","355","Don Cowie","CAR","Midfielder","17","937","6","53","6","42","5","95"
"359","359","23","356","Gast¨®n Ram¨ªrez","SOU","Midfielder","18","511","5","54","5","41","5","95"
"360","360","NA","357","Luuk de Jong","NEW","Forward","11","654","9","54","8","40","10","94"
"361","361","NA","365","Ryan Giggs","MUN","Midfielder","12","503","8","37","6","55","9","93"
"362","362","NA","359","Jermain Defoe","","Forward","14","423","6","68","8","21","4","89"
"363","363","NA","362","Costel Pantilimon","MCI","Goalkeeper","7","630","12","63","16","22","7","86"
"364","364","NA","363","Giorgos Karagounis","FUL","Midfielder","14","656","6","67","10","17","2","84"
"365","365","22","386","Marc Muniesa","STK","Defender","12","737","7","52","10","31","4","83"
"366","366","NA","364","Anthony Pilkington","NOR","Midfielder","15","831","6","49","7","34","4","83"
"367","367","28","368","Aiden McGeady","EVE","Midfielder","15","401","5","53","7","28","4","81"
"368","368","23","366","Stuart O'Keefe","CRY","Midfielder","12","390","7","60","7","21","5","81"
"369","369","25","367","Maya Yoshida","SOU","Defender","8","632","10","20","7","60","12","80"
"370","370","21","385","Wilfried Zaha","CAR","Midfielder","14","611","6","38","5","40","6","78"
"371","371","25","390","Alexander B¨¹ttner","MUN","Defender","8","497","10","50","10","26","9","76"
"372","372","NA","397","Santiago Vergini","SUN","Defender","10","888","8","27","7","49","8","76"
"373","373","NA","369","Mats Daehli","CAR","Forward","12","559","6","22","4","53","9","74"
"374","374","28","403","Steven Taylor","NEW","Defender","9","657","8","40","10","32","6","73"
"375","375","27","372","Nani","MUN","Midfielder","11","560","7","35","6","37","7","73"
"376","376","35","370","Gerhard Tremmel","SWA","Goalkeeper","11","990","7","42","7","30","6","72"
"377","377","28","375","Thomas Vermaelen","ARS","Defender","14","782","5","55","8","16","2","71"
"378","378","24","371","Aleksandar Tonev","AVL","Midfielder","17","596","4","44","5","27","3","71"
"379","379","35","373","Zolt¨¢n Gera","WBA","Midfielder","14","483","5","42","5","28","5","70"
"380","380","NA","374","Cala","CAR","Defender","7","585","10","5","2","64","16","70"
"381","381","24","382","Craig Dawson","WBA","Defender","11","867","6","19","5","50","7","69"
"382","382","31","389","Antolin Alcaraz","EVE","Defender","6","495","12","44","15","25","8","69"
"383","383","27","376","Ricardo Vaz Te","WHU","Forward","8","257","9","21","7","49","10","69"
"384","384","NA","380","Thomas Ince","CRY","Midfielder","7","340","10","52","10","17","8","69"
"385","385","27","377","Valentin Roberge","SUN","Defender","9","668","8","16","3","52","13","69"
"386","386","28","383","Dwight Tiendalli","SWA","Defender","9","676","8","45","9","23","6","68"
"387","387","NA","378","Thievy","WBA","Forward","6","252","11","39","13","28","9","67"
"388","388","21","379","Ezekiel Fryers","TOT","Defender","7","399","9","57","14","9","3","66"
"389","389","NA","381","Jonathan Parr","CRY","Defender","15","756","4","31","4","36","4","66"
"390","390","NA","384","Iago Aspas","LIV","Forward","14","380","5","47","6","18","3","65"
"391","391","NA","387","Joseph Yobo","NOR","Defender","8","720","8","56","11","6","2","62"
"392","392","26","388","Nicklas Bendtner","ARS","Forward","9","156","7","59","15","3","1","62"
"393","393","NA","391","Keiren Westwood","SUN","Goalkeeper","10","853","6","36","7","25","5","61"
"394","394","18","395","Sam Gallagher","SOU","Forward","17","353","4","47","7","14","1","61"
"395","395","NA","392","Yacouba Sylla","AVL","Midfielder","11","548","5","40","7","19","4","59"
"396","396","25","396","Liam Bridcutt","SUN","Midfielder","11","757","5","24","5","35","6","59"
"397","397","22","393","Erik Lamela","TOT","Midfielder","9","326","6","9","2","46","9","55"
"398","398","30","399","Glenn Murray","CRY","Forward","13","378","4","19","3","35","6","54"
"399","399","NA","394","¨¢lvaro V¨¢zquez","SWA","Forward","12","410","4","14","3","39","6","54"
"400","400","32","400","Matthew Etherington","STK","Midfielder","10","419","5","25","6","27","4","52"
"401","401","NA","429","Matty Fryatt","HUL","Forward","9","183","6","30","7","21","4","51"
"402","402","27","398","Modibo Diakit¨¦","","Defender","7","630","7","10","5","40","8","50"
"403","403","25","402","Neil Taylor","SWA","Defender","9","500","6","19","4","31","8","50"
"404","404","28","401","Paul McShane","HUL","Defender","9","623","5","31","6","18","5","49"
"405","405","29","404","Wilson Palacios","STK","Midfielder","16","514","3","9","1","38","4","47"
"406","406","22","405","Paulo Gazzaniga","SOU","Goalkeeper","8","662","6","17","4","30","7","47"
"407","407","NA","421","Diego Lugano","WBA","Defender","9","659","5","26","9","17","3","44"
"408","408","NA","406","Matthew Connolly","CAR","Defender","3","270","14","20","10","23","23","43"
"409","409","NA","407","Cauley Woodrow","FUL","Forward","5","321","9","23","11","20","7","43"
"410","410","28","416","Stephen Quinn","HUL","Midfielder","14","413","3","12","2","31","3","43"
"411","411","NA","477","Jordan Bowery","AVL","Forward","8","189","5","42","8","1","0","43"
"412","412","NA","408","Jermaine Pennant","","Unknown","8","178","5","15","4","28","7","43"
"413","413","18","413","James Wilson","MUN","Forward","1","64","43","43","43","0","0","43"
"414","414","NA","409","William Kvist","FUL","Midfielder","8","592","5","25","5","16","5","41"
"415","415","NA","410","Antonio Nocerino","WHU","Midfielder","10","254","4","9","2","32","6","41"
"416","416","NA","411","Magnus Wolff Eikrem","CAR","Midfielder","6","198","7","33","8","8","4","41"
"417","417","21","427","Massadio Haidara","NEW","Defender","10","336","4","32","5","8","2","40"
"418","418","32","412","Carlos Cu¨¦llar","SUN","Defender","4","342","10","23","12","16","8","39"
"419","419","NA","413","Javier Garrido","NOR","Defender","6","516","7","30","10","9","3","39"
"420","420","25","414","Scott Sinclair","WBA","Midfielder","8","301","5","29","10","8","2","37"
"421","421","NA","415","Jos¨¦ Campa<U+00F1>a","","Midfielder","6","311","6","28","9","9","3","37"
"422","422","NA","425","Mahamadou Diarra","FUL","Midfielder","4","338","8","16","8","18","9","34"
"423","423","20","417","Jonathan Williams","CRY","Midfielder","9","179","4","19","5","14","3","33"
"424","424","NA","418","Michael Essien","","Midfielder","5","147","6","22","11","10","3","32"
"425","425","28","419","Adl¨¨ne Gu¨¦dioura","CRY","Midfielder","8","317","4","29","10","3","1","32"
"426","426","28","420","Daniel Fox","NTF","Defender","3","258","10","28","14","4","4","31"
"427","427","41","441","Mark Schwarzer","CHE","Goalkeeper","3","270","10","12","6","19","19","31"
"428","428","NA","422","Guly","SOU","Midfielder","9","75","3","21","3","9","5","30"
"429","429","31","423","Roger Johnson","WHU","Defender","4","272","7","17","9","12","6","30"
"430","430","32","424","Andrea Dossena","SUN","Defender","7","490","4","10","5","20","4","30"
"431","431","33","426","Grant Holt","AVL","Forward","10","376","3","26","4","3","1","29"
"432","432","NA","428","Pablo Armero","WHU","Defender","5","322","6","16","8","12","4","29"
"433","433","31","430","Jerome Thomas","CRY","Midfielder","9","367","3","21","3","7","2","28"
"434","434","NA","438","Dan Burn","FUL","Defender","9","605","3","12","3","15","3","27"
"435","435","NA","431","Luis Alberto","LIV","Midfielder","9","135","3","16","3","10","3","27"
"436","436","NA","433","Kim K<U+00E4>llstr<U+00F6>m","ARS","Midfielder","3","128","9","26","9","0","0","26"
"437","437","31","432","Jon¨¢s Guti¨¦rrez","NOR","Midfielder","6","260","4","20","10","6","2","26"
"438","438","26","434","Micah Richards","MCI","Defender","2","161","12","0","0","24","12","24"
"439","439","28","435","Sylvain Marveaux","NEW","Midfielder","9","224","3","28","4","-3","-2","24"
"440","440","29","437","Andy Wilkinson","STK","Defender","5","274","5","18","9","5","2","23"
"441","441","NA","436","Marvin Emnes","SWA","Forward","6","80","4","15","4","8","4","23"
"442","442","36","439","Abdoulaye Faye","HUL","Defender","3","270","8","28","14","-6","-6","23"
"443","443","24","440","Joe Bennett","AVL","Defender","5","244","4","12","4","11","5","22"
"444","444","NA","442","Anderson","","Midfielder","4","155","5","20","7","2","2","22"
"445","445","NA","443","Elsad Zverotic","FUL","Defender","5","355","4","11","11","11","3","22"
"446","446","NA","444","Kevin De Bruyne","","Midfielder","3","132","7","17","8","5","5","21"
"447","447","25","445","Jack Collison","WIG","Midfielder","10","462","2","-1","0","21","5","20"
"448","448","21","446","Jack Butland","LDU","Goalkeeper","3","225","7","13","6","7","7","20"
"449","449","24","447","Joel Robles","EVE","Goalkeeper","2","156","10","20","10","0","0","20"
"450","450","NA","448","Derek Boateng","FUL","Midfielder","3","155","6","10","5","10","10","19"
"451","451","NA","452","Kostas Mitroglou","FUL","Forward","3","151","6","0","0","17","6","17"
"452","452","30","449","Arouna Kon¨¦","EVE","Forward","5","79","3","8","4","9","3","17"
"453","453","30","450","Anders Lindegaard","MUN","Goalkeeper","1","90","17","0","0","17","17","17"
"454","454","NA","451","Kevin McNaughton","CAR","Defender","5","281","3","0","0","16","3","16"
"455","455","24","453","Martin Kelly","LIV","Defender","5","107","3","14","4","1","1","15"
"456","456","22","454","Sammy Ameobi","NEW","Forward","9","360","2","11","3","3","1","15"
"457","457","NA","455","Aaron Wilbraham","CRY","Forward","4","81","4","15","4","0","0","15"
"458","458","20","458","Tom Lawrence","MUN","Forward","1","70","14","14","14","0","0","14"
"459","459","38","456","Thomas S<U+00F8>rensen","STK","Goalkeeper","3","225","4","4","4","9","5","13"
"460","460","NA","457","Ryan Tunnicliffe","WIG","Midfielder","2","155","6","9","9","4","4","13"
"461","461","NA","458","Ji Dong-Won","","Midfielder","5","201","3","1","0","12","6","13"
"462","462","28","459","Robert Elliot","NEW","Goalkeeper","2","180","6","2","2","10","10","12"
"463","463","31","460","Jos Hooiveld","SOU","Defender","3","270","4","3","3","9","5","12"
"464","464","NA","461","Matthew Briggs","FUL","Defender","2","87","6","0","0","12","6","12"
"465","465","NA","462","Nicky Maynard","WIG","Forward","8","121","1","2","1","10","2","12"
"466","466","NA","463","Elliott Bennett","NOR","Midfielder","1","90","12","12","12","0","0","12"
"467","467","NA","464","Tomas Kalas","CHE","Defender","1","90","11","0","0","11","11","11"
"468","468","21","465","Jores Okore","AVL","Defender","3","167","4","7","3","4","4","11"
"469","469","NA","466","Goran Popov","WBA","Defender","2","83","5","11","11","0","0","11"
"470","470","22","467","John Guidetti","STK","Forward","6","60","2","2","1","8","2","10"
"471","471","NA","468","Jimmy K¨¦b¨¦","CRY","Midfielder","6","189","2","0","0","10","3","10"
"472","472","NA","469","Joe Lewis","CAR","Goalkeeper","1","90","10","0","0","10","10","10"
"473","473","25","470","Chris Herd","AVL","Midfielder","2","171","5","0","0","10","5","10"
"474","474","23","471","Dedryck Boyata","MCI","Defender","1","55","10","10","10","0","0","10"
"475","475","21","472","Andre Wisdom","DER","Defender","2","81","5","2","2","7","7","9"
"476","476","NA","473","Marco Borriello","WHU","Forward","2","90","4","2","2","7","7","9"
"477","477","31","474","David Vaughan","NTF","Midfielder","3","171","3","2","2","7","4","9"
"478","478","37","475","Kelvin Davis","SOU","Goalkeeper","2","180","4","4","4","5","5","9"
"479","479","24","489","Dan Gosling","NEW","Midfielder","8","361","1","1","0","8","2","8"
"480","480","NA","476","Josh Murphy","NOR","Midfielder","9","131","1","-3","-1","11","2","8"
"481","481","20","478","Charalampos Mavrias","SUN","Midfielder","4","150","2","3","2","4","2","7"
"482","482","43","479","Brad Friedel","TOT","Goalkeeper","1","90","6","6","6","0","0","6"
"483","483","29","483","Eldin Jakupovic","HUL","Goalkeeper","1","90","6","0","0","6","6","6"
"484","484","NA","480","Nicklas Helenius","AVL","Forward","3","49","2","1","1","4","4","6"
"485","485","NA","481","Moussa Dembele","FUL","Forward","2","88","3","5","5","0","0","6"
"486","486","21","482","Ryo Miyaichi","ARS","Midfielder","1","17","5","5","5","0","0","5"
"487","487","NA","483","Mark Hudson","CAR","Defender","2","147","3","-3","-3","9","9","5"
"488","488","NA","484","Mladen Petric","","Forward","3","65","2","2","1","3","3","5"
"489","489","25","485","Gabriel Obertan","NEW","Midfielder","3","33","2","1","1","4","2","5"
"490","490","NA","486","Stephen Dobbie","CRY","Forward","1","66","3","3","3","0","0","3"
"491","491","27","487","Nick Proschwitz","HUL","Forward","2","23","2","3","3","0","0","3"
"492","492","24","488","Brek Shea","STK","Midfielder","1","31","3","0","0","3","3","3"
"493","493","NA","490","Patrick Roberts","FUL","Midfielder","2","44","1","1","1","2","2","2"
"494","494","NA","491","Clint Dempsey","","Midfielder","5","355","0","-4","-1","6","3","2"
"495","495","19","502","Harrison Reed","SOU","Midfielder","4","10","1","1","0","1","1","2"
"496","496","23","492","Jack Rodwell","MCI","Midfielder","5","109","0","2","1","0","0","2"
"497","497","NA","493","Luciano Becchio","NOR","Forward","5","54","0","2","0","0","0","2"
"498","498","NA","494","Markus Rosenberg","","Forward","4","90","0","-3","-2","5","2","2"
"499","499","29","495","Leroy Lita","SWA","Forward","2","34","1","2","2","0","0","2"
"500","500","21","496","Marco Van Ginkel","CHE","Midfielder","2","11","1","2","1","0","0","2"
"501","501","21","497","Yaya Sanogo","ARS","Forward","7","55","0","2","1","0","0","2"
"502","502","26","498","Luke Daniels","WBA","Goalkeeper","1","12","2","0","0","2","2","2"
"503","503","26","499","Darron Gibson","EVE","Midfielder","1","27","2","0","0","2","2","2"
"504","504","NA","500","Gedo","","Midfielder","2","30","1","1","1","1","1","2"
"505","505","20","501","Liam O'Neil","WBA","Defender","2","8","1","0","0","1","1","1"
"506","506","20","503","Jay Fulton","SWA","Midfielder","1","7","1","1","1","0","0","1"
"507","507","20","504","Brad Smith","LIV","Defender","1","30","1","0","0","1","1","1"
"508","508","26","505","Owen Garvan","CRY","Midfielder","2","93","0","4","4","-3","-3","1"
"509","509","NA","506","Mesca","FUL","Midfielder","1","18","1","0","0","1","1","1"
"510","510","NA","507","Larnell Cole","FUL","Midfielder","1","10","1","0","0","1","1","1"
"511","511","18","508","Milos Veljkovic","TOT","Defender","1","2","1","1","1","0","0","1"
"512","512","18","512","Jack Grealish","AVL","Midfielder","1","2","1","0","0","1","1","1"
"513","513","NA","509","Jo Inge Berget","CAR","Forward","1","11","1","1","1","0","0","1"
"514","514","33","510","Tony Hibbert","EVE","Defender","1","3","0","0","0","0","0","0"
"515","515","NA","511","Aaron McLean","BRA","Forward","1","6","0","0","0","0","0","0"
"516","516","23","512","Kyle Bartley","SWA","Defender","1","1","0","0","0","0","0","0"
"517","518","19","514","Elliot Lee","WHU","Forward","1","2","0","0","0","0","0","0"
"518","519","21","515","Luke Garbutt","EVE","Defender","1","0","0","0","0","0","0","0"
"519","520","NA","516","Rudy Gestede","BLR","Forward","3","49","0","0","0","0","0","0"
"520","521","NA","517","Alou Diarra","WHU","Midfielder","3","113","0","1","1","-1","-1","0"
"521","522","19","519","Callum Robinson","AVL","Forward","3","39","0","-4","-4","4","2","0"
"522","523","31","518","Patrick McCarthy","CRY","Defender","1","26","-1","-1","-1","0","0","-1"
"523","524","NA","520","Jordon Ibe","","Unknown","1","14","-1","-1","-1","0","0","-1"
"524","525","NA","521","Andreas Cornelius","","Forward","8","107","0","2","0","-3","-2","-1"
"525","526","NA","522","Muamer Tankovic","FUL","Forward","3","59","0","0","0","-1","-1","-1"
"526","527","17","523","Adam Armstrong","NEW","Forward","4","30","0","0","0","-2","-1","-2"
"527","528","21","524","Jo<U+00E3>o Teixeira","LIV","Midfielder","1","8","-5","0","0","-5","-5","-5"
"528","529","25","525","Cabral","","Midfielder","1","90","-5","-5","-5","0","0","-5"
"529","530","25","526","David Ngog","SWA","Forward","3","42","-2","0","0","-7","-4","-7"
"530","531","29","527","Ignacio Scocco","SUN","Forward","6","93","-1","-3","-2","-4","-1","-8"
"531","532","40","528","Kevin Phillips","LEI","Forward","4","76","-2","-2","-1","-7","-4","-9"
